id,timestamp,coin,action,entry_price,target,stop_loss,confidence,reason,status,exit_price,pnl_pct,exit_reason
11,2026-08-16T20:34:05.671169+00:00,MNT-USD,SELL,0.608708,0.590447,0.620882,MEDIUM,Tech: EMATrendStrategy: Downtrend (price below EMAs) | MACDStrategy: MACD bearish crossover | BollingerStrategy: Price below lower band | SuperTrendStrategy: In downtrend | Sentiment: Fear (34) | Whale: Whale data unavailable,OPEN,0.0,0.0,
10,2026-08-16T20:33:53.572542+00:00,INJ-USD,SELL,4.095,3.97215,4.1769,MEDIUM,Tech: EMATrendStrategy: Downtrend (price below EMAs) | MACDStrategy: MACD above signal | SuperTrendStrategy: In downtrend | Sentiment: Fear (34) | Whale: Whale data unavailable,OPEN,0.0,0.0,
9,2026-08-16T20:33:41.797881+00:00,DOT-USD,SELL,0.7646,0.741662,0.779892,MEDIUM,Tech: EMATrendStrategy: Downtrend (price below EMAs) | MACDStrategy: MACD above signal | SuperTrendStrategy: In downtrend | Sentiment: Fear (34) | Whale: Whale data unavailable,OPEN,0.0,0.0,
8,2026-08-16T20:33:31.707656+00:00,ARB-USD,SELL,0.000629,0.00061,0.000642,MEDIUM,Tech: EMATrendStrategy: Downtrend (price below EMAs) | MACDStrategy: MACD above signal | SuperTrendStrategy: In downtrend | Sentiment: Fear (34) | Whale: Whale data unavailable,OPEN,0.0,0.0,
7,2026-08-16T20:33:26.690086+00:00,NEAR-USD,SELL,1.6106,1.562282,1.642812,MEDIUM,Tech: EMATrendStrategy: Downtrend (price below EMAs) | MACDStrategy: MACD below signal | SuperTrendStrategy: In downtrend | Sentiment: Fear (34) | Whale: Whale data unavailable,OPEN,0.0,0.0,
6,2026-08-16T20:33:20.851279+00:00,LINK-USD,BUY,9.463,9.74689,9.27374,MEDIUM,Tech: EMATrendStrategy: Uptrend (price above EMAs) | MACDStrategy: MACD bullish crossover | SuperTrendStrategy: In uptrend | Sentiment: Fear (34) | Whale: Whale data unavailable,OPEN,0.0,0.0,
5,2026-08-16T20:33:15.553018+00:00,AVAX-USD,SELL,6.33,6.1401,6.4566,MEDIUM,Tech: EMATrendStrategy: Downtrend (price below EMAs) | MACDStrategy: MACD above signal | SuperTrendStrategy: In downtrend | Sentiment: Fear (34) | Whale: Whale data unavailable,OPEN,0.0,0.0,
4,2026-08-16T20:33:09.273387+00:00,ADA-USD,SELL,0.17789,0.172553,0.181448,MEDIUM,Tech: EMATrendStrategy: Downtrend (price below EMAs) | MACDStrategy: MACD above signal | SuperTrendStrategy: In downtrend | Sentiment: Fear (34) | Whale: Whale data unavailable,OPEN,0.0,0.0,
3,2026-08-16T20:33:03.826409+00:00,XRP-USD,SELL,1.0008,0.970776,1.020816,MEDIUM,Tech: EMATrendStrategy: Downtrend (price below EMAs) | MACDStrategy: MACD above signal | SuperTrendStrategy: In downtrend | Sentiment: Fear (34) | Whale: Whale data unavailable,OPEN,0.0,0.0,
2,2026-08-16T20:32:58.619332+00:00,BNB-USD,SELL,604.880005,586.733605,616.977605,MEDIUM,Tech: EMATrendStrategy: Downtrend (price below EMAs) | MACDStrategy: MACD below signal | SuperTrendStrategy: In uptrend | Sentiment: Fear (34) | Whale: Whale data unavailable,OPEN,0.0,0.0,
1,2026-08-16T20:32:51.536815+00:00,SOL-USD,SELL,75.18,72.9246,76.6836,MEDIUM,Tech: EMATrendStrategy: Downtrend (price below EMAs) | MACDStrategy: MACD below signal | SuperTrendStrategy: In uptrend | Sentiment: Fear (34) | Whale: Whale data unavailable,OPEN,0.0,0.0,
